NAME,KIND
,
,
,
,
,
,
,
,
,
,
,
,
,
,
,
,
,
,
,
,
,
,
,
,
,
,
,
,
,
,
,
,
,
,
,
,
,
,
,
,
,
,
,
,
,
,
,
,
,
,
,
,
,
,
,
,
,
,
,
,
,
,
,
,
,
,
,
,
,
,
,
,
,
,
,
,
,
,
,
Maxipiss,
FlyFos,
Vlasik,
Foxy,dog
Rabby,cat
Koskas,cat
Assley,dog
Assley,dog
Assley,dog
Assley,dog
,
,
,
,
,
,
,
,
,
,
,
,
,
,
,
,
,
,
,
,
,
,
,
,
,
,
,
,
,
,
,
,
,
,
,
,
,
,
,
,
,
,
,
,
,
,
,
,
,
,
,
,
,
,
,
,
,
,
,
,
,
,
,
,
,
,
,
,
,
,
,
,
,
,
,
,
,
,
,
Maxipiss,
FlyFos,
Vlasik,
Foxy,dog
Rabby,cat
Koskas,cat
Assley,dog
Assley,dog
Assley,dog
Assley,dog
,
,
,
,
,
,
,
,
,
,
,
,
,
,
,
,
,
,
,
,
,
,
,
,
,
,
,
,
,
,
,
,
,
,
,
,
,
,
,
,
,
,
,
,
,
,
,
,
,
,
,
,
,
,
,
,
,
,
,
,
,
,
,
,
,
,
,
,
,
,
,
,
,
,
,
,
,
,
,
Maxipiss,
FlyFos,
Vlasik,
Foxy,dog
Rabby,cat
Koskas,cat
Assley,dog
Assley,dog
Assley,dog
Assley,dog
